Sender,Recipient,Amount,Transaction_Frequency,Is_Scam,Day,Month,Year,Hour,Minute,Second
Charlie,David,1560,5,0,25,2,2024,5,53,40
Charlie,Harry,4278,17,0,4,12,2023,23,58,14
Charlie,David,6700,14,1,26,2,2024,17,14,26
John,Alice,4880,13,0,7,4,2024,13,59,43
Bob,David,4644,17,0,31,1,2024,17,20,4
Harry,Bob,7339,7,1,2,11,2023,19,55,8
Harry,David,870,18,0,27,6,2023,13,58,25
Bob,John,1177,12,0,6,4,2024,3,54,6
Charlie,David,8001,17,1,17,11,2023,13,0,2
Charlie,David,4773,11,0,1,4,2024,3,21,54
Alice,David,6981,6,0,4,5,2024,19,22,7
Harry,David,9650,19,0,5,3,2024,6,47,24
Harry,Bob,4361,1,0,21,9,2023,3,52,15
Bob,David,4954,10,0,2,2,2024,15,58,23
Alice,John,2280,4,0,1,10,2023,13,24,26
Harry,John,5549,17,0,3,2,2024,6,11,41
Bob,Charlie,8041,2,0,26,8,2023,10,11,8
Charlie,David,3918,11,0,29,7,2023,9,2,1
Alice,John,7930,16,1,10,11,2023,5,13,3
Alice,David,6131,8,0,2,1,2024,8,25,23
Bob,John,1987,3,0,24,7,2023,1,13,9
Alice,Charlie,771,18,0,10,8,2023,9,28,13
Charlie,Harry,7670,5,0,10,7,2023,10,23,5
Harry,Bob,4877,6,0,15,9,2023,23,22,47
John,Charlie,6476,12,0,2,6,2023,21,59,31
Harry,David,2693,17,0,3,12,2023,11,50,52
David,Harry,7340,15,1,16,6,2023,8,2,48
John,David,6593,11,0,22,9,2023,23,14,9
Charlie,John,1376,15,0,6,8,2023,6,50,5
David,Harry,8250,14,1,17,5,2024,23,43,0
Harry,Charlie,6909,14,0,21,9,2023,22,36,35
Alice,David,6606,15,1,17,9,2023,10,11,4
Bob,Charlie,3445,6,0,7,8,2023,4,34,42
Alice,John,5850,5,0,2,10,2023,21,31,46
Bob,Harry,1162,17,0,11,8,2023,11,33,26
David,Harry,225,12,0,28,4,2024,20,27,29
John,Charlie,6268,4,0,1,11,2023,22,25,39
Harry,Alice,332,13,0,5,2,2024,13,6,11
Harry,Bob,4306,2,0,14,5,2024,0,54,47
John,Bob,6838,10,0,5,4,2024,8,43,2
John,Charlie,2839,2,0,26,10,2023,2,47,33
Alice,Charlie,3912,1,0,19,1,2024,19,32,21
Charlie,David,1833,6,0,13,12,2023,21,8,6
Bob,David,7086,9,0,31,7,2023,7,9,57
Alice,Charlie,9211,6,0,4,1,2024,12,29,46
Harry,Bob,8295,15,0,15,4,2024,22,57,2
David,John,2651,6,0,28,4,2024,4,58,35
Alice,David,5660,2,0,18,4,2024,16,43,51
Alice,Harry,6416,12,1,17,3,2024,7,15,12
Charlie,David,9433,4,0,29,6,2023,19,50,4
Alice,Bob,324,17,0,25,3,2024,2,30,18
Bob,John,6333,14,1,2,7,2023,13,1,2
David,Charlie,2017,11,0,17,4,2024,22,18,4
Bob,Charlie,2126,3,0,14,2,2024,13,19,12
John,David,109,5,0,6,10,2023,13,27,10
Harry,Bob,7141,13,0,27,2,2024,18,19,5
Harry,Bob,8612,5,0,26,11,2023,8,4,27
John,Alice,3590,17,0,21,1,2024,10,41,36
Charlie,David,335,18,0,21,1,2024,2,4,51
David,Charlie,8667,11,1,10,7,2023,21,39,33
John,Harry,2735,3,0,3,12,2023,3,18,17
Alice,John,5515,8,0,9,10,2023,3,58,57
Alice,John,9544,14,1,18,6,2023,16,25,5
Bob,David,9606,5,0,13,12,2023,16,33,0
Charlie,Alice,7646,14,1,3,1,2024,0,44,57
Harry,David,4327,13,0,13,1,2024,16,18,35
Harry,John,9610,8,0,27,4,2024,7,36,3
David,Alice,7904,6,0,11,10,2023,13,49,42
John,Harry,2097,8,0,26,11,2023,11,38,43
Alice,David,5865,3,0,28,1,2024,20,25,50
Alice,Harry,5667,15,1,2,7,2023,14,56,51
Charlie,John,8769,7,0,28,10,2023,7,47,16
Alice,Bob,2304,6,0,8,2,2024,17,55,27
John,Charlie,1050,1,0,4,11,2023,17,41,10
David,Bob,2745,2,0,14,8,2023,18,30,2
Harry,Charlie,1965,1,0,1,11,2023,8,24,53
David,Charlie,7426,15,1,23,6,2023,8,59,4
Bob,Charlie,6459,15,1,19,7,2023,19,31,55
Charlie,Bob,2991,13,0,6,10,2023,9,51,53
Harry,Alice,194,19,0,8,4,2024,12,24,15
Alice,Bob,893,11,0,23,2,2024,5,41,31
Alice,Charlie,5879,11,1,15,5,2024,20,43,53
David,Harry,6266,15,1,11,11,2023,19,31,17
Harry,David,8654,12,0,8,1,2024,14,0,45
Harry,Charlie,7883,18,0,27,1,2024,3,47,9
John,Bob,3631,12,0,15,2,2024,5,30,51
Bob,Charlie,3976,8,0,13,2,2024,13,42,21
Harry,John,8895,9,0,4,6,2023,20,47,32
David,Alice,7296,14,1,13,7,2023,5,1,58
John,David,1892,14,0,12,4,2024,5,52,25
Charlie,Harry,1745,4,0,24,8,2023,23,53,5
David,John,3172,19,0,8,1,2024,12,21,7
Charlie,John,9624,9,0,9,9,2023,2,6,33
Harry,Bob,6556,9,0,12,1,2024,16,5,37
Alice,Bob,636,11,0,27,12,2023,14,52,53
David,Harry,8170,18,1,25,1,2024,12,39,7
Alice,Harry,6590,17,1,25,12,2023,0,23,49
Alice,Bob,1305,7,0,6,7,2023,23,44,38
Bob,David,3672,1,0,6,4,2024,7,53,58
John,Charlie,4857,18,0,6,10,2023,17,30,55
Charlie,John,1066,17,0,8,6,2023,6,8,21
Bob,John,788,8,0,5,7,2023,1,3,26
John,Charlie,9281,19,0,15,2,2024,16,10,43
Alice,David,2179,17,0,3,4,2024,4,9,36
Charlie,David,7411,8,0,13,6,2023,9,5,9
Alice,Harry,868,14,0,6,2,2024,3,46,55
Alice,Harry,6745,17,1,10,7,2023,16,27,8
Harry,David,5897,19,0,19,3,2024,6,14,47
Bob,John,3435,7,0,11,2,2024,20,43,32
Alice,Harry,1581,19,0,12,3,2024,6,19,5
David,Harry,3551,1,0,3,7,2023,0,27,34
Bob,Harry,3562,8,0,2,7,2023,4,2,4
John,Alice,8619,15,0,12,7,2023,4,1,35
Charlie,Alice,7318,1,0,14,2,2024,18,10,41
Bob,Harry,8070,14,1,2,1,2024,8,37,52
David,Alice,4647,5,0,28,2,2024,17,20,3
David,Charlie,5105,16,1,29,11,2023,8,19,15
Harry,John,2298,19,0,7,10,2023,1,29,24
Charlie,Alice,1408,18,0,16,6,2023,14,16,16
Harry,John,6952,11,0,25,5,2024,4,20,52
Harry,Alice,4666,12,0,21,2,2024,6,39,18
Bob,Charlie,904,6,0,31,7,2023,14,14,12
David,John,7183,3,0,29,12,2023,9,35,4
Bob,Harry,1487,17,0,2,6,2023,6,53,20
Harry,David,2779,14,0,4,10,2023,14,8,14
John,Harry,3286,17,0,16,8,2023,14,26,24
David,John,2699,2,0,25,4,2024,18,58,39
Charlie,John,7468,11,1,30,12,2023,7,30,16
David,Bob,6909,13,1,17,11,2023,21,26,11
Harry,Charlie,174,6,0,7,1,2024,17,19,11
Harry,Charlie,5575,9,0,2,3,2024,5,25,51
David,Harry,7284,5,0,8,4,2024,6,29,26
John,David,1722,10,0,26,10,2023,22,24,18
David,Charlie,2174,6,0,24,11,2023,4,37,14
Alice,Harry,6236,7,0,4,12,2023,6,8,24
Harry,Charlie,3069,14,0,21,6,2023,19,48,31
Harry,Bob,6041,11,0,1,10,2023,5,52,42
John,Alice,4888,4,0,27,7,2023,1,11,6
Alice,Harry,4224,11,0,8,3,2024,8,26,16
Alice,Bob,9428,7,0,6,1,2024,7,40,50
Alice,David,4250,15,0,4,12,2023,5,54,20
David,Charlie,7579,1,0,7,1,2024,17,33,37
Harry,Bob,9042,19,0,9,5,2024,21,9,2
Alice,Bob,7201,13,1,10,10,2023,22,21,53
Alice,Harry,253,2,0,19,4,2024,12,59,28
Charlie,John,2443,17,0,16,7,2023,7,39,15
John,Charlie,9230,8,0,4,12,2023,1,27,42
Harry,John,8070,3,0,9,4,2024,7,50,40
Harry,Charlie,4303,12,0,31,3,2024,11,32,31
Alice,David,4297,2,0,24,12,2023,10,18,59
Bob,Alice,9928,12,1,17,10,2023,13,37,45
Alice,John,3104,17,0,23,8,2023,5,52,40
Harry,John,8082,12,0,24,7,2023,7,56,39
David,Alice,5995,17,1,29,11,2023,4,56,30
Charlie,David,7219,6,0,9,4,2024,15,17,50
John,Harry,5487,15,0,25,1,2024,6,33,41
Alice,Harry,8780,13,1,29,1,2024,20,23,59
Harry,John,6013,7,1,2,9,2023,4,10,20
David,Charlie,7786,9,0,31,10,2023,0,31,38
Alice,Harry,9118,18,1,23,2,2024,4,21,7
David,Bob,9226,3,0,23,1,2024,14,15,11
Harry,Alice,3661,7,0,4,8,2023,13,30,5
John,David,9474,3,0,6,1,2024,10,58,42
Bob,Charlie,230,5,0,22,4,2024,14,48,10
Alice,Harry,4378,12,0,20,11,2023,23,5,44
John,Bob,5568,13,0,7,6,2023,9,44,10
Harry,John,8784,10,0,29,9,2023,8,38,4
Bob,David,8602,3,0,26,10,2023,23,11,50
Harry,David,4446,13,0,24,9,2023,9,58,45
Charlie,Harry,3910,7,0,13,2,2024,9,57,30
David,Bob,2132,12,0,27,10,2023,11,39,52
John,Bob,9554,10,0,27,10,2023,19,59,8
David,John,8290,7,0,24,4,2024,7,6,9
Bob,Charlie,3860,3,0,20,8,2023,17,59,26
Charlie,David,8667,18,1,22,2,2024,6,45,26
Bob,Harry,4488,16,0,29,3,2024,9,4,21
John,Charlie,8273,15,0,20,8,2023,15,49,2
John,Bob,1928,5,0,8,8,2023,21,3,30
Alice,Bob,4905,7,0,20,5,2024,1,14,56
David,Alice,1968,2,0,9,3,2024,9,6,30
John,Bob,5790,8,0,16,8,2023,1,44,1
Bob,Charlie,5529,19,1,8,9,2023,5,27,13
Charlie,David,7374,2,0,1,9,2023,0,19,15
John,Harry,1036,17,0,11,4,2024,7,59,16
Harry,Alice,3945,5,0,15,4,2024,4,46,50
Charlie,David,7314,17,1,10,6,2023,15,3,34
John,Alice,2013,17,0,12,2,2024,3,52,7
Charlie,Alice,7757,3,0,27,11,2023,13,45,18
Harry,David,7412,3,0,25,4,2024,19,31,4
Alice,David,4976,15,0,1,9,2023,23,33,15
John,Bob,2033,5,0,10,7,2023,6,34,44
Harry,Alice,1740,3,0,9,7,2023,9,50,31
Alice,Bob,1318,2,0,11,6,2023,20,9,47
Bob,Harry,9852,5,0,6,8,2023,3,54,13
Alice,Harry,9275,15,1,20,4,2024,18,41,48
David,Alice,4072,16,0,19,5,2024,21,33,18
Harry,David,8328,16,0,21,10,2023,15,17,2
Charlie,Bob,4136,13,0,24,12,2023,4,3,0
John,Harry,9616,19,0,10,7,2023,10,10,30
Harry,Alice,1691,8,0,3,3,2024,16,2,58
Harry,Alice,1412,6,0,20,9,2023,20,31,39
Alice,Bob,1804,13,0,22,2,2024,20,20,36
Alice,Charlie,4386,6,0,28,4,2024,3,48,55
Bob,Charlie,656,19,0,11,2,2024,0,16,14
Harry,Alice,3841,7,0,5,7,2023,23,14,10
Harry,Bob,8880,12,0,28,5,2024,20,32,58
Harry,Charlie,9982,17,0,3,2,2024,20,15,25
John,Harry,4643,13,0,28,2,2024,12,40,3
Alice,David,5452,2,0,2,6,2023,5,23,21
Bob,David,5184,4,0,22,5,2024,23,18,9
Bob,Harry,7591,17,1,19,11,2023,8,52,4
Bob,David,8173,1,0,23,4,2024,9,0,53
David,Harry,6453,18,1,1,7,2023,2,41,4
David,Charlie,4911,4,0,14,12,2023,4,3,8
Alice,Bob,2528,12,0,31,12,2023,3,16,29
Charlie,Alice,7913,15,1,18,11,2023,5,3,31
Alice,Harry,9745,2,0,4,5,2024,14,30,59
Charlie,Bob,7366,13,1,8,5,2024,20,29,39
John,Charlie,1198,2,0,1,10,2023,9,11,55
David,Bob,3193,11,0,5,9,2023,20,37,57
Alice,John,1088,15,0,24,6,2023,23,20,37
Charlie,Alice,4279,6,0,15,6,2023,15,1,38
Alice,John,5726,1,0,19,12,2023,4,16,7
Harry,Bob,1033,15,0,16,10,2023,13,20,1
Harry,Charlie,3156,12,0,31,1,2024,7,45,2
Harry,Bob,2355,8,0,28,2,2024,10,50,11
Bob,David,1084,17,0,23,1,2024,2,45,52
Charlie,Alice,3733,7,0,1,3,2024,7,10,38
Alice,Charlie,1059,12,0,30,6,2023,11,23,49
Charlie,Bob,4573,3,0,5,7,2023,8,52,56
Bob,David,626,14,0,20,4,2024,4,43,52
John,David,1975,4,0,8,8,2023,22,56,0
John,David,9308,2,0,17,5,2024,22,18,10
Alice,Charlie,4267,18,0,16,2,2024,20,15,1
David,Harry,1489,15,0,27,6,2023,14,6,56
David,Alice,5520,1,0,1,3,2024,20,39,23
Bob,David,3596,8,0,21,7,2023,17,54,28
Alice,David,3862,9,0,8,8,2023,2,33,20
John,Bob,3217,15,0,6,6,2023,9,8,26
David,Bob,2820,10,0,12,5,2024,7,29,50
Harry,Bob,8132,2,0,1,7,2023,5,10,37
John,Charlie,2049,1,0,25,10,2023,14,38,7
Charlie,Bob,7933,7,0,20,10,2023,20,50,42
Harry,David,7114,14,0,15,11,2023,4,12,0
Harry,Bob,1995,11,0,24,6,2023,8,5,25
Charlie,Alice,734,6,0,15,11,2023,15,18,4
John,David,3244,7,0,2,2,2024,2,11,52
John,Harry,9007,8,0,12,10,2023,20,6,18
Harry,Bob,3489,15,0,6,12,2023,23,44,49
Alice,Bob,307,4,0,24,8,2023,2,49,23
David,Harry,121,3,0,6,9,2023,1,25,51
John,Bob,4209,11,0,25,2,2024,15,18,46
Harry,David,7279,12,0,28,12,2023,22,8,2
Charlie,John,1366,19,0,23,10,2023,9,42,21
David,Bob,4880,8,0,2,6,2023,10,15,3
Charlie,Alice,8079,18,1,6,11,2023,2,1,11
David,Harry,761,5,0,18,11,2023,10,56,31
John,Alice,9046,3,0,25,2,2024,2,8,59
Charlie,David,6178,15,1,30,12,2023,5,13,28
John,Bob,7105,5,0,28,9,2023,15,20,37
Bob,David,6775,18,1,30,10,2023,10,42,0
John,Alice,4803,9,0,13,12,2023,8,33,5
Bob,Harry,5731,4,0,15,8,2023,18,32,27
Harry,Bob,1494,12,0,20,1,2024,18,57,23
Alice,Charlie,629,8,0,29,8,2023,7,38,45
Charlie,John,3691,4,0,21,7,2023,0,30,38
David,Harry,9231,14,1,8,2,2024,7,17,29
David,Harry,474,5,0,6,8,2023,23,43,6
Charlie,David,4748,15,0,17,12,2023,17,25,12
David,John,3255,2,0,27,11,2023,4,54,16
David,John,8319,2,0,3,3,2024,18,15,27
Alice,Charlie,4456,1,0,7,3,2024,22,25,28
Bob,Charlie,7162,15,1,29,7,2023,4,27,46
Alice,Harry,729,14,0,11,6,2023,3,9,44
Harry,Charlie,5997,12,0,4,6,2023,7,51,37
David,John,9572,5,0,12,10,2023,21,28,41
Bob,Alice,7215,1,0,25,1,2024,16,25,7
John,David,6199,11,0,16,1,2024,13,46,37
Charlie,Bob,3668,12,0,30,8,2023,5,38,38
Bob,David,719,18,0,15,2,2024,15,49,0
David,Harry,1068,5,0,6,8,2023,9,35,35
Bob,Harry,6362,3,0,9,9,2023,22,19,20
David,Charlie,5278,5,0,17,8,2023,5,11,36
John,Alice,1329,12,0,14,2,2024,13,28,58
Harry,Bob,2840,18,0,22,7,2023,7,45,9
Alice,David,7573,7,0,30,12,2023,23,26,1
Alice,Harry,9210,12,1,9,2,2024,3,17,7
David,Bob,6394,13,1,2,10,2023,12,53,53
Bob,Harry,991,8,0,4,8,2023,2,57,43
Harry,Charlie,8420,8,0,26,3,2024,21,8,29
Charlie,David,4712,15,0,2,5,2024,17,21,2
David,Harry,5338,11,1,14,6,2023,16,7,39
Harry,David,6357,18,0,15,10,2023,8,18,6
John,Harry,3819,15,0,7,12,2023,23,20,50
John,Bob,1086,8,0,2,10,2023,8,28,47
John,David,3172,19,0,10,11,2023,21,39,14
David,Charlie,9619,5,0,22,8,2023,22,24,6
John,Harry,8225,2,0,8,4,2024,3,25,33
Harry,David,674,9,0,1,7,2023,7,54,7
John,Charlie,3928,13,0,17,8,2023,19,15,24
John,Alice,9639,2,0,29,5,2024,21,28,27
Charlie,David,1767,6,0,7,5,2024,18,20,25
Alice,David,3653,18,0,7,7,2023,8,56,45
Charlie,John,9142,13,1,20,6,2023,22,55,25
Alice,John,1467,7,0,12,1,2024,15,26,10
John,Charlie,3826,1,0,14,12,2023,4,11,50
Bob,Harry,4906,15,0,4,1,2024,1,44,23
Charlie,Alice,2975,1,0,13,8,2023,19,12,23
John,Alice,6159,6,0,23,5,2024,12,22,0
Harry,Alice,7110,8,0,23,9,2023,1,28,48
David,Harry,9253,14,1,24,6,2023,23,6,43
John,Alice,6328,8,0,20,6,2023,22,8,2
Harry,David,1277,12,0,6,5,2024,6,59,25
Charlie,Harry,4499,5,0,26,6,2023,14,10,31
Bob,Alice,9235,6,0,25,8,2023,20,32,36
David,Harry,6670,13,1,4,5,2024,13,35,6
Charlie,Alice,9306,16,1,3,2,2024,1,21,31
Charlie,Bob,6642,4,0,8,3,2024,9,42,27
Alice,Bob,240,19,0,10,3,2024,12,57,38
Harry,David,6112,4,0,14,8,2023,20,10,19
Charlie,Bob,3710,15,0,19,7,2023,13,58,50
Bob,Alice,7411,10,0,12,6,2023,6,14,57
Bob,David,9973,2,0,31,12,2023,12,10,50
John,Charlie,6887,11,0,27,1,2024,0,4,22
Bob,Harry,7152,7,0,1,2,2024,2,16,59
John,Harry,8736,10,0,13,1,2024,19,0,55
Bob,David,1898,1,0,30,9,2023,8,16,14
Bob,Charlie,6384,9,0,3,10,2023,13,40,11
Harry,John,109,10,0,30,10,2023,0,10,24
John,Harry,1416,4,0,19,11,2023,14,39,36
Harry,Alice,3783,7,0,12,5,2024,1,23,59
Harry,John,245,19,0,13,12,2023,17,25,27
Bob,Harry,3140,18,0,15,9,2023,10,6,38
Charlie,John,582,12,0,16,5,2024,19,17,45
Harry,John,730,17,0,28,8,2023,20,5,3
David,Charlie,1087,7,0,21,1,2024,18,40,8
Alice,Harry,9260,14,1,8,12,2023,8,53,38
Charlie,John,7521,2,0,11,2,2024,16,14,27
Alice,Charlie,9869,7,0,13,7,2023,12,46,56
John,Alice,2449,19,0,22,12,2023,11,0,48
Bob,Harry,1225,10,0,23,3,2024,7,52,25
Charlie,David,7943,3,0,19,10,2023,20,1,34
John,Alice,5289,9,0,28,9,2023,7,15,50
Bob,Charlie,6804,2,0,26,9,2023,0,14,29
Bob,Charlie,2575,8,0,25,6,2023,4,16,49
David,Harry,8358,12,1,8,6,2023,3,20,10
Charlie,Harry,7526,6,0,8,9,2023,12,29,2
Harry,Bob,2917,6,0,4,12,2023,8,10,43
John,Alice,9786,8,0,1,11,2023,19,46,31
David,Bob,3474,16,0,22,1,2024,11,5,5
Harry,David,6913,16,0,6,3,2024,9,18,47
Bob,John,3819,3,0,27,6,2023,5,41,20
David,Charlie,7546,19,1,21,7,2023,23,19,23
David,Charlie,6199,8,0,5,4,2024,13,46,43
Bob,John,385,6,0,29,10,2023,16,19,4
David,Harry,4995,1,0,20,12,2023,20,26,48
Charlie,Bob,9815,2,0,22,5,2024,21,46,31
Charlie,David,4676,18,0,10,1,2024,12,20,21
Charlie,Harry,2508,2,0,24,4,2024,8,21,39
Alice,John,2596,11,0,27,11,2023,23,20,44
Alice,Bob,7674,4,0,8,9,2023,4,10,20
Harry,David,1542,11,0,16,6,2023,2,1,38
David,Bob,8535,10,0,31,7,2023,17,25,18
Bob,John,8885,13,1,2,11,2023,10,31,44
Alice,David,7729,6,0,26,2,2024,20,7,12
Alice,Bob,7793,9,0,28,2,2024,2,48,10
Charlie,Alice,6821,2,0,7,2,2024,12,35,38
Alice,Harry,7473,18,1,24,5,2024,21,59,19
Harry,John,9084,1,0,24,10,2023,10,24,23
Bob,David,9425,16,1,19,4,2024,2,29,30
David,Charlie,2630,9,0,24,1,2024,10,19,7
David,John,5872,2,0,31,12,2023,4,16,31
Charlie,Harry,1063,15,0,29,3,2024,11,49,17
Bob,Charlie,7279,13,1,16,4,2024,18,10,7
David,Bob,5877,6,0,3,2,2024,3,55,20
Charlie,Alice,4449,2,0,10,8,2023,15,28,31
Bob,Alice,6530,19,1,23,5,2024,13,30,35
Charlie,Alice,6588,2,0,26,3,2024,17,24,34
David,Alice,789,15,0,23,3,2024,8,55,20
John,Alice,5548,14,0,24,2,2024,2,19,59
Alice,Bob,8900,4,0,22,12,2023,1,36,43
Bob,John,1482,4,0,7,6,2023,12,29,33
Bob,David,3402,18,0,1,2,2024,13,55,59
Charlie,Bob,7970,3,0,29,1,2024,15,18,51
Alice,Bob,1649,7,0,7,10,2023,1,25,25
Charlie,David,3816,2,0,9,8,2023,13,6,50
David,Alice,6648,6,0,10,2,2024,0,10,31
Charlie,Harry,7738,7,0,10,10,2023,15,6,8
Charlie,John,6456,18,1,27,5,2024,4,58,18
Charlie,Harry,4368,4,0,31,1,2024,23,43,28
John,Alice,4692,11,0,8,2,2024,7,59,32
Charlie,Bob,5987,4,0,12,10,2023,11,52,57
Harry,Bob,4819,18,0,14,1,2024,7,15,19
Alice,John,9751,6,0,5,7,2023,8,12,37
Harry,Charlie,2772,9,0,2,9,2023,2,54,17
John,Harry,671,16,0,2,8,2023,7,10,1
Charlie,John,7277,18,1,6,1,2024,4,57,33
Harry,Bob,2379,11,0,3,11,2023,9,36,42
Harry,Alice,6969,8,0,23,11,2023,21,17,11
John,Bob,4026,13,0,22,9,2023,13,27,32
Alice,Charlie,7183,1,0,2,3,2024,2,4,32
Charlie,John,3556,13,0,20,12,2023,1,24,59
Alice,John,1768,8,0,2,8,2023,10,42,48
Harry,David,9966,15,0,1,10,2023,12,40,43
Alice,Bob,8854,11,1,22,10,2023,14,11,52
Harry,Charlie,9064,8,0,25,8,2023,12,52,37
Harry,David,6611,17,0,9,2,2024,14,33,0
John,Harry,9254,17,0,12,5,2024,2,13,11
Bob,David,7079,14,1,1,1,2024,16,2,35
John,Harry,4385,18,0,19,5,2024,8,29,51
Harry,Charlie,3847,12,0,31,7,2023,3,27,3
Alice,Harry,880,16,0,8,9,2023,7,6,55
Bob,Harry,8814,10,0,28,2,2024,19,18,38
John,Harry,5884,8,0,18,9,2023,13,57,30
Alice,David,6367,18,1,8,8,2023,11,16,40
David,Bob,2561,12,0,16,11,2023,9,46,47
Alice,David,2260,3,0,16,3,2024,11,12,40
Harry,David,138,17,0,21,11,2023,14,22,47
Bob,John,7797,13,1,21,7,2023,12,12,50
David,Charlie,401,8,0,27,6,2023,23,34,18
David,Bob,8889,11,1,23,11,2023,16,57,1
John,David,7103,13,0,24,6,2023,16,15,25
Harry,Charlie,4658,18,0,30,8,2023,7,19,17
Alice,Bob,8752,11,1,14,12,2023,5,56,53
Charlie,John,8806,19,1,30,12,2023,12,18,53
Charlie,David,6026,12,1,25,9,2023,13,30,21
John,Charlie,6379,10,0,2,10,2023,15,21,24
Harry,John,6095,5,0,27,9,2023,9,24,10
Alice,John,6119,8,0,11,8,2023,9,15,41
Alice,Harry,8133,11,1,1,4,2024,20,57,6
John,Harry,1528,14,0,21,1,2024,16,47,30
Alice,Harry,2259,13,0,13,3,2024,11,52,9
John,Bob,3079,10,0,11,4,2024,7,22,4
Harry,David,3183,17,0,10,10,2023,19,27,33
David,John,3589,11,0,10,1,2024,8,10,16
Alice,David,7478,5,0,24,4,2024,9,6,43
Harry,Bob,9696,4,0,29,1,2024,9,20,54
Bob,Harry,1113,3,0,18,6,2023,3,13,11
Harry,Charlie,8009,8,0,25,1,2024,23,2,0
Charlie,Harry,5991,13,1,28,11,2023,19,24,51
Bob,John,2663,14,0,2,12,2023,18,4,52
Alice,Charlie,4531,4,0,14,5,2024,23,37,27
David,Harry,693,19,0,31,5,2024,8,6,50
Bob,Alice,3490,14,0,24,8,2023,19,33,31
Alice,David,763,13,0,15,7,2023,9,19,38
Bob,David,5533,6,0,25,10,2023,7,44,7
Charlie,Bob,8723,13,1,28,1,2024,16,20,8
Bob,David,6356,1,0,13,1,2024,11,14,15
Harry,Bob,1236,15,0,16,2,2024,23,41,12
Alice,John,1119,13,0,27,9,2023,4,27,31
John,David,1383,16,0,26,10,2023,19,0,51
Alice,David,2225,11,0,31,7,2023,2,23,33
John,Harry,3571,5,0,11,7,2023,15,59,32
John,Bob,8429,18,0,1,4,2024,2,6,45
Alice,Charlie,6497,13,1,11,7,2023,13,58,20
David,John,8286,13,1,5,7,2023,14,22,5
Alice,Charlie,1549,3,0,27,10,2023,10,3,22
David,Harry,8099,5,0,2,3,2024,16,21,23
Bob,John,8995,5,0,17,4,2024,0,45,19
Bob,David,9917,4,0,10,10,2023,5,23,48
David,Harry,3078,1,0,10,4,2024,8,23,20
John,Bob,785,12,0,20,3,2024,12,16,53
Bob,John,7810,4,0,11,3,2024,22,18,36
Charlie,David,1531,12,0,8,9,2023,3,28,38
Harry,David,9657,7,0,13,10,2023,1,35,38
Alice,Bob,8561,10,0,6,12,2023,1,58,27
David,Harry,7996,13,1,12,8,2023,15,34,0
David,Bob,9132,13,1,6,2,2024,22,47,23
Bob,Alice,2743,18,0,24,2,2024,11,30,14
Harry,Alice,5660,4,0,21,7,2023,21,41,24
Harry,John,9714,18,0,23,9,2023,7,40,12
Alice,Bob,5691,15,1,18,11,2023,6,48,7
Charlie,Harry,2639,14,0,21,10,2023,9,17,28
John,Charlie,2461,18,0,7,1,2024,12,56,39
Charlie,Alice,3770,5,0,16,7,2023,16,50,18
John,Alice,8662,12,0,26,2,2024,15,49,27
John,Charlie,8716,1,0,1,3,2024,2,16,57
Harry,Charlie,7975,10,0,14,9,2023,19,6,8
John,David,3162,1,0,20,12,2023,20,45,37
John,Charlie,672,2,0,18,4,2024,5,2,30
Bob,Harry,2190,9,0,24,6,2023,17,49,49
David,John,4724,2,0,7,7,2023,9,2,57
David,Harry,3748,10,0,18,6,2023,2,11,22
Charlie,Harry,3237,10,0,6,6,2023,20,55,17
Harry,Alice,3850,12,0,19,11,2023,1,15,11
David,Bob,4766,10,0,15,3,2024,17,27,21
Alice,John,5155,7,0,7,3,2024,16,47,35
Charlie,Bob,9469,4,0,18,5,2024,17,15,34
David,Bob,5874,8,0,10,3,2024,0,25,1
Charlie,David,881,9,0,18,5,2024,21,9,50
Harry,Bob,7293,17,0,28,5,2024,4,32,9
Harry,John,5979,3,0,25,12,2023,16,42,46
Bob,John,1677,3,0,14,10,2023,4,3,46
David,Bob,6844,18,1,6,4,2024,7,40,33
Alice,Charlie,2651,12,0,27,9,2023,16,27,53
Harry,Bob,575,9,0,20,9,2023,23,38,9
Bob,Charlie,7339,9,0,14,4,2024,13,9,44
David,Harry,7071,6,0,1,2,2024,6,49,19
Bob,Harry,2922,16,0,25,8,2023,9,19,36
Alice,Charlie,358,18,0,8,12,2023,1,23,28
Alice,David,3300,8,0,23,5,2024,5,18,42
Charlie,Bob,787,11,0,15,3,2024,8,14,53
Charlie,Bob,7233,6,0,7,6,2023,11,51,19
David,Alice,2691,9,0,23,3,2024,5,54,54
Bob,Alice,7283,1,0,12,1,2024,21,0,20
Charlie,David,4464,2,0,20,1,2024,1,10,22
Bob,David,1629,5,0,11,3,2024,23,32,49
John,Alice,3964,2,0,26,2,2024,10,37,30
Harry,David,6888,3,0,5,4,2024,6,27,5
Charlie,Bob,364,6,0,16,9,2023,0,51,43
Harry,David,7644,11,0,14,5,2024,5,20,20
Harry,Bob,2604,2,0,21,11,2023,4,10,43
David,Alice,687,16,0,24,11,2023,4,37,21
Charlie,Bob,3931,1,0,14,2,2024,11,3,42
Charlie,Alice,1815,2,0,16,8,2023,2,17,36
John,Alice,5533,11,0,23,10,2023,14,26,51
John,David,6516,5,0,11,8,2023,7,37,24
Bob,Alice,8050,3,0,3,5,2024,10,55,23
John,Bob,6149,2,0,16,8,2023,14,23,4
Alice,Bob,9362,7,0,2,7,2023,23,0,31
David,John,5879,1,0,27,4,2024,12,16,7
Alice,Bob,541,15,0,2,4,2024,21,2,45
David,Charlie,6470,14,1,1,5,2024,6,41,27
Bob,David,6215,12,1,12,12,2023,6,26,29
John,Alice,1887,13,0,24,5,2024,6,40,19
Harry,Alice,4841,2,0,7,12,2023,20,24,26
David,Bob,4696,8,0,12,9,2023,0,10,6
David,Alice,5761,14,1,26,12,2023,11,20,54
Alice,Bob,8572,8,0,30,6,2023,16,46,27
David,Harry,1850,16,0,8,7,2023,12,0,41
John,Alice,7889,19,0,13,6,2023,5,59,37
Alice,Harry,5494,9,0,20,7,2023,3,27,35
Bob,Charlie,7330,9,0,9,6,2023,10,22,22
Alice,Bob,1631,19,0,9,6,2023,5,36,6
Bob,David,9435,6,0,20,1,2024,23,23,9
Charlie,Bob,385,9,0,3,6,2023,2,17,30
John,Bob,1862,9,0,19,1,2024,9,30,8
Alice,David,140,4,0,25,4,2024,0,18,9
Alice,Bob,1087,8,0,26,11,2023,18,56,6
Harry,John,7904,14,0,19,2,2024,2,39,1
David,John,3298,16,0,19,2,2024,17,59,32
Charlie,David,2579,12,0,28,10,2023,15,39,9
Alice,David,9877,5,0,31,1,2024,2,9,5
Bob,Charlie,7951,1,0,22,7,2023,21,40,17
Charlie,John,3616,9,0,17,5,2024,19,28,29
Bob,Alice,9268,2,0,14,6,2023,5,10,16
John,Charlie,442,15,0,30,3,2024,20,42,35
Bob,David,6417,15,1,23,9,2023,11,2,37
John,Alice,6848,8,0,14,4,2024,9,27,50
Charlie,Alice,9865,19,1,12,7,2023,6,22,53
Bob,David,8870,12,1,17,3,2024,15,38,26
Harry,Alice,9402,6,0,12,9,2023,3,34,27
David,John,6816,12,1,11,4,2024,19,41,32
David,Harry,4478,8,0,25,4,2024,17,10,0
Alice,Bob,7716,13,1,4,1,2024,21,10,20
John,Alice,8433,3,0,21,3,2024,21,38,11
Charlie,Bob,5908,13,1,30,1,2024,11,33,7
Charlie,David,1425,17,0,2,1,2024,4,28,35
David,Alice,5087,1,0,11,3,2024,5,11,40
Harry,Charlie,3928,17,0,24,12,2023,12,41,18
David,Harry,5582,9,0,25,5,2024,18,0,43
John,Charlie,5012,9,0,30,3,2024,5,39,25
John,Charlie,2966,7,0,26,1,2024,15,55,32
John,Charlie,5923,11,0,8,5,2024,17,29,11
David,Alice,5102,13,1,6,6,2023,22,6,51
David,Charlie,8310,12,1,10,2,2024,10,28,53
Charlie,Bob,6688,16,1,18,8,2023,21,29,26
John,Charlie,6346,5,0,27,12,2023,11,43,38
John,Alice,8465,13,0,17,1,2024,6,3,42
John,Bob,7093,18,0,3,3,2024,3,27,43
Harry,Bob,1089,1,0,31,5,2024,15,50,19
Bob,Harry,1874,8,0,19,5,2024,18,23,16
Bob,John,3908,12,0,10,7,2023,20,3,5
Harry,Alice,2802,9,0,5,7,2023,7,0,19
Harry,Charlie,4300,10,0,30,11,2023,12,58,25
Harry,Alice,9201,18,0,11,10,2023,3,40,21
Alice,David,7644,7,0,9,9,2023,9,21,30
Bob,Alice,3255,6,0,1,4,2024,3,8,8
Alice,Charlie,1728,6,0,20,6,2023,18,42,7
Alice,David,6539,2,0,15,2,2024,13,46,46
John,David,2566,11,0,9,12,2023,6,30,50
John,Charlie,2098,5,0,13,8,2023,20,45,23
Charlie,David,9442,6,0,1,9,2023,22,33,37
Bob,Charlie,1230,18,0,18,6,2023,4,38,22
Bob,Alice,3600,9,0,14,7,2023,11,56,17
Charlie,David,3359,12,0,4,9,2023,19,52,12
Harry,Alice,2342,12,0,18,1,2024,16,22,57
John,Alice,1241,4,0,25,8,2023,18,29,16
Bob,John,3461,5,0,16,10,2023,7,44,5
Bob,Charlie,9883,1,0,3,6,2023,20,7,58
John,Bob,6006,10,0,16,4,2024,19,52,38
Bob,Harry,2111,3,0,4,7,2023,14,43,28
Alice,David,1929,5,0,21,7,2023,10,12,35
Harry,Bob,9755,12,0,14,10,2023,2,1,32
David,John,1154,4,0,23,11,2023,0,12,56
John,Charlie,9749,5,0,11,8,2023,6,35,45
David,Alice,6318,13,1,28,7,2023,22,45,21
Bob,Harry,9470,14,1,11,6,2023,0,25,44
David,Alice,6691,10,0,28,1,2024,22,13,10
Alice,Harry,2409,15,0,13,6,2023,19,4,9
Charlie,David,4109,5,0,25,2,2024,18,28,55
Harry,Charlie,5768,10,0,26,9,2023,14,56,5
Bob,Charlie,6889,4,0,7,6,2023,20,22,21
Harry,Bob,6444,17,0,30,11,2023,13,57,11
Charlie,Alice,5719,17,1,6,11,2023,17,22,40
Charlie,David,3336,9,0,14,12,2023,22,40,47
John,Charlie,8656,19,0,1,2,2024,14,49,24
Alice,Harry,9669,13,1,19,4,2024,15,47,8
Alice,Harry,440,14,0,28,2,2024,1,2,0
Bob,Charlie,8591,11,1,27,8,2023,5,31,3
Bob,Alice,3556,3,0,24,7,2023,23,20,36
Charlie,Harry,6752,17,1,23,11,2023,19,5,18
Alice,Bob,8117,8,0,14,7,2023,12,53,27
David,John,7005,19,1,25,3,2024,6,8,12
Charlie,Bob,8948,5,0,26,9,2023,7,51,57
Bob,David,3830,2,0,21,11,2023,13,17,24
Alice,David,1808,15,0,2,3,2024,23,51,26
Bob,David,6638,7,0,13,7,2023,12,47,6
Bob,Charlie,9268,9,0,3,3,2024,6,55,15
David,Harry,982,19,0,24,11,2023,13,20,33
Harry,Bob,5967,6,0,6,1,2024,22,49,59
Harry,Bob,7369,11,0,28,9,2023,20,21,14
John,David,2554,15,0,3,6,2023,9,22,52
Alice,John,6742,18,1,27,10,2023,17,9,49
John,Alice,6168,14,0,23,4,2024,20,42,40
Alice,Harry,4799,19,0,23,3,2024,2,34,12
Bob,Charlie,4358,16,0,29,4,2024,15,52,53
John,Bob,7184,17,0,19,3,2024,2,24,35
John,Alice,7842,6,0,11,5,2024,17,11,40
Alice,Charlie,9234,14,1,21,6,2023,22,50,30
Charlie,Harry,4217,11,0,23,8,2023,13,15,36
Alice,David,3053,10,0,1,5,2024,1,29,9
David,Charlie,2099,12,0,12,12,2023,11,52,21
Harry,John,3835,3,0,26,10,2023,6,25,9
David,John,8001,15,1,28,6,2023,5,0,43
Alice,Harry,2941,17,0,20,11,2023,11,34,36
David,Alice,1188,4,0,26,2,2024,8,9,55
John,Charlie,6244,15,0,17,8,2023,1,55,35
Charlie,Bob,7395,9,0,21,12,2023,17,52,33
John,Bob,3275,9,0,3,3,2024,16,59,13
Harry,David,7527,6,0,26,5,2024,15,58,47
Alice,David,287,13,0,20,9,2023,8,22,52
Charlie,Harry,2192,19,0,22,1,2024,10,34,22
Alice,David,5747,2,0,6,10,2023,16,42,19
John,Harry,8013,16,0,6,8,2023,16,17,44
David,Bob,6565,2,0,4,12,2023,10,52,53
Harry,Charlie,2655,2,0,25,12,2023,17,18,29
Alice,David,4827,7,0,7,8,2023,3,24,28
Charlie,John,5889,13,1,5,6,2023,1,30,6
Charlie,Alice,7580,17,1,30,7,2023,13,45,37
David,Harry,7751,8,0,18,4,2024,14,22,9
David,Bob,8951,18,1,9,12,2023,6,30,21
David,Harry,6655,14,1,23,9,2023,2,47,40
Bob,Charlie,6946,4,0,10,12,2023,23,51,7
Charlie,Alice,5690,8,0,6,4,2024,23,41,29
Harry,Bob,6146,14,0,1,11,2023,21,12,27
Harry,Alice,7116,12,0,14,7,2023,11,12,1
John,Harry,1984,18,0,5,12,2023,1,47,6
David,John,9109,8,0,4,11,2023,14,59,13
John,David,6568,12,0,23,7,2023,9,54,47
John,Charlie,8959,11,0,1,2,2024,15,49,28
John,Alice,4332,2,0,17,6,2023,9,1,51
Bob,Harry,9110,13,1,1,10,2023,4,38,36
Alice,John,8489,16,1,31,12,2023,7,4,20
Bob,Alice,8762,1,0,29,4,2024,0,6,35
Bob,Alice,7194,10,0,18,4,2024,15,39,3
Charlie,Alice,9220,12,1,14,6,2023,10,59,43
Alice,John,4988,9,0,14,4,2024,10,45,43
Charlie,Bob,7222,19,1,29,8,2023,21,56,14
Bob,Charlie,1224,16,0,2,5,2024,8,15,5
Bob,John,1478,15,0,1,11,2023,12,28,40
Harry,David,8518,12,0,2,6,2023,6,55,31
John,Bob,5674,9,0,27,11,2023,5,37,43
Charlie,Harry,8688,4,0,15,10,2023,10,35,14
Harry,John,4524,6,0,21,12,2023,6,6,19
Alice,David,2105,1,0,13,2,2024,7,24,15
Bob,Charlie,9488,13,1,19,2,2024,20,29,7
Harry,John,1851,8,0,23,2,2024,0,56,25
Bob,Harry,7270,6,0,31,10,2023,13,29,14
Bob,Charlie,639,8,0,12,10,2023,2,37,55
David,John,8647,11,1,22,11,2023,17,21,44
Alice,Charlie,7580,17,1,11,2,2024,15,5,12
David,Harry,6808,12,1,20,4,2024,15,59,0
Charlie,Harry,3848,6,0,22,4,2024,12,51,6
Harry,David,8116,4,0,17,6,2023,23,22,26
David,Harry,774,3,0,15,12,2023,19,28,44
David,John,3353,11,0,18,7,2023,10,21,7
John,Bob,1501,6,0,12,11,2023,6,33,46
John,Bob,4314,16,0,7,6,2023,9,41,28
John,Bob,2845,12,0,14,6,2023,7,11,36
Alice,David,5918,15,1,31,10,2023,4,48,47
David,John,9989,5,0,10,5,2024,8,58,57
David,Charlie,8324,7,0,25,11,2023,15,45,54
Bob,John,3809,12,0,25,6,2023,12,18,59
Alice,Charlie,4679,13,0,27,6,2023,18,0,4
Bob,Alice,4652,11,0,7,5,2024,19,8,4
John,Charlie,8935,8,0,30,11,2023,5,50,11
Alice,Charlie,8780,2,0,16,5,2024,2,1,10
Harry,Bob,3376,15,0,22,9,2023,0,28,37
Bob,Harry,8807,8,0,8,10,2023,19,24,57
John,Charlie,9271,18,0,6,7,2023,4,0,58
Alice,Bob,377,9,0,24,7,2023,17,31,37
John,Alice,7759,7,1,13,11,2023,17,19,38
Harry,John,125,10,0,2,7,2023,9,3,26
Alice,Charlie,6510,13,1,15,7,2023,6,34,0
Charlie,Bob,5202,11,1,28,5,2024,20,47,29
Alice,John,1172,15,0,18,4,2024,15,0,31
Bob,David,315,15,0,8,10,2023,4,15,32
John,David,3413,17,0,27,7,2023,15,49,53
Harry,Charlie,7863,9,0,5,9,2023,11,17,37
Alice,David,1796,18,0,20,1,2024,17,10,29
David,Alice,2883,14,0,7,9,2023,13,46,17
Charlie,David,2745,18,0,22,10,2023,23,40,42
David,Harry,2032,3,0,1,7,2023,18,48,16
David,Charlie,592,11,0,10,12,2023,2,27,26
Bob,John,7988,16,1,20,7,2023,7,16,27
Alice,Charlie,9838,12,1,24,2,2024,16,13,53
David,John,9567,16,1,11,8,2023,12,58,36
Alice,Harry,7260,12,1,15,1,2024,17,18,49
Alice,Charlie,7286,6,0,14,12,2023,17,16,36
David,Harry,9575,12,1,12,5,2024,17,39,30
Alice,Charlie,3742,2,0,2,10,2023,14,31,0
John,Alice,8536,16,0,7,6,2023,21,0,47
Harry,Charlie,2509,8,0,6,7,2023,7,41,31
David,Bob,7076,11,1,11,12,2023,18,30,56
John,Alice,3767,18,0,25,4,2024,2,27,40
David,Charlie,8377,12,1,26,4,2024,22,45,24
John,Charlie,6317,4,0,10,7,2023,17,18,56
Charlie,Bob,3683,10,0,26,7,2023,5,54,51
Alice,Charlie,2317,8,0,4,3,2024,8,2,25
Harry,Alice,4544,3,0,20,8,2023,1,18,36
Bob,Charlie,1296,10,0,2,7,2023,6,42,24
Bob,John,9753,2,0,26,3,2024,23,45,35
Alice,John,3843,7,0,16,9,2023,11,2,31
John,Alice,9271,3,0,6,3,2024,16,44,26
Alice,John,3774,14,0,1,4,2024,10,49,28
John,Harry,8407,18,0,9,2,2024,12,13,30
Bob,John,2261,1,0,13,4,2024,6,13,11
Harry,Charlie,3799,10,0,13,10,2023,10,15,7
Alice,John,4300,5,0,27,1,2024,20,23,53
Harry,John,5620,2,0,2,6,2023,12,54,16
Charlie,John,2880,4,0,27,10,2023,15,8,30
Charlie,Alice,2971,19,0,29,9,2023,23,16,55
Charlie,Alice,1232,7,0,29,1,2024,14,41,35
Harry,Charlie,4657,4,0,24,7,2023,21,38,13
Harry,Bob,1522,18,0,23,5,2024,14,23,35
Bob,Charlie,4416,8,0,7,5,2024,5,57,0
John,Alice,714,14,0,28,12,2023,14,9,23
Bob,David,4670,4,0,20,5,2024,14,36,40
Harry,Alice,2568,1,0,9,6,2023,12,55,26
Alice,Charlie,3707,10,0,15,7,2023,0,30,12
Bob,Alice,389,17,0,2,3,2024,19,18,54
Charlie,Bob,378,13,0,13,1,2024,13,8,48
Charlie,David,4376,9,0,10,12,2023,15,48,58
John,Charlie,3932,6,0,18,8,2023,8,4,0
Charlie,John,9965,8,0,15,10,2023,8,58,13
David,Charlie,4407,3,0,23,12,2023,7,9,12
Alice,David,6034,4,0,1,11,2023,16,51,4
Bob,David,4182,4,0,17,2,2024,19,36,37
John,Charlie,6128,18,0,5,1,2024,3,17,47
David,Charlie,6780,16,1,2,4,2024,4,30,47
Alice,David,7452,16,1,5,5,2024,0,40,0
Alice,David,3911,7,0,9,7,2023,12,12,4
David,Charlie,8601,8,0,31,1,2024,5,6,10
John,Alice,3373,2,0,6,4,2024,15,47,38
David,John,9268,11,1,14,4,2024,7,52,24
Harry,David,2932,4,0,25,4,2024,7,40,27
Bob,John,5854,5,0,30,10,2023,2,25,23
David,John,5410,19,1,25,2,2024,23,24,52
Bob,John,7461,8,0,11,5,2024,22,21,36
Alice,David,3172,15,0,17,11,2023,9,27,54
Harry,Charlie,1761,17,0,22,2,2024,15,5,55
Harry,Alice,780,9,0,14,11,2023,21,16,0
Charlie,David,4457,3,0,5,5,2024,10,15,42
John,Bob,2003,15,0,1,12,2023,10,46,59
Charlie,John,7206,15,1,23,1,2024,19,36,53
Bob,Harry,8660,19,1,31,1,2024,1,7,50
Alice,Bob,3590,8,0,19,2,2024,22,2,47
David,Harry,1393,2,0,23,3,2024,21,59,23
Charlie,Bob,6971,19,1,4,11,2023,2,0,58
David,John,1092,17,0,13,7,2023,9,14,41
Alice,Charlie,2340,5,0,6,5,2024,14,23,50
Alice,David,1099,13,0,13,2,2024,4,41,59
David,Alice,8950,12,1,4,11,2023,11,7,40
Alice,Harry,7356,4,0,14,3,2024,9,9,32
Bob,Harry,3193,19,0,24,12,2023,22,21,30
John,Charlie,3377,3,0,15,7,2023,9,17,7
Harry,Alice,4695,16,0,28,6,2023,12,59,12
Bob,John,212,12,0,6,5,2024,3,27,55
David,Charlie,239,17,0,3,7,2023,16,57,38
David,John,8808,14,1,29,8,2023,17,18,20
Charlie,David,987,1,0,27,9,2023,18,11,55
David,Harry,4051,9,0,15,7,2023,13,35,56
Alice,David,6440,2,0,4,10,2023,19,38,6
David,Bob,6532,13,1,4,6,2023,0,13,11
Bob,David,2538,15,0,29,6,2023,8,11,44
David,Alice,8419,18,1,22,12,2023,0,22,6
Harry,John,9707,10,0,18,2,2024,14,57,56
John,Harry,617,5,0,2,8,2023,10,34,36
Bob,David,2088,18,0,20,9,2023,17,6,57
Harry,Bob,3902,17,0,1,3,2024,0,54,25
Bob,Alice,6341,3,0,22,10,2023,10,49,18
Harry,Bob,6409,11,0,4,12,2023,19,44,21
Alice,Charlie,1618,6,0,11,10,2023,15,29,42
Bob,Alice,2700,12,0,30,7,2023,13,26,25
Alice,Bob,3654,15,0,19,12,2023,1,51,8
Harry,David,2949,3,0,11,10,2023,23,26,34
David,Alice,3949,9,0,30,1,2024,21,17,18
John,David,4295,2,0,7,5,2024,9,33,24
Charlie,Bob,9380,19,1,22,5,2024,21,28,18
Harry,John,6509,15,0,14,10,2023,6,14,42
Alice,David,3094,16,0,27,9,2023,8,50,27
Charlie,Alice,1371,4,0,28,6,2023,1,36,16
Harry,David,4220,13,0,2,12,2023,13,19,13
Bob,John,4496,4,0,22,7,2023,17,47,45
John,Bob,182,1,0,22,7,2023,22,47,15
Harry,Bob,2193,10,0,6,10,2023,3,30,53
David,John,5037,18,1,25,3,2024,1,51,10
Alice,David,3590,15,0,28,12,2023,7,43,49
Bob,Charlie,2526,9,0,8,3,2024,21,54,28
Alice,Harry,3062,17,0,8,12,2023,22,22,39
Alice,John,9356,10,0,1,10,2023,12,50,57
Harry,Bob,8660,15,0,27,3,2024,7,17,36
Bob,John,6236,14,1,17,8,2023,15,35,21
Charlie,Alice,5139,2,0,3,8,2023,22,43,46
Alice,Charlie,5141,3,0,3,11,2023,16,17,5
David,Harry,1284,11,0,24,3,2024,23,29,13
Harry,David,9619,10,0,8,11,2023,23,23,56
Harry,David,4470,4,0,1,3,2024,19,21,8
Alice,Charlie,2093,6,0,30,4,2024,9,51,40
John,Alice,790,14,0,28,4,2024,1,36,45
Harry,John,7340,6,0,22,9,2023,7,1,46
Alice,John,394,17,0,6,11,2023,19,39,59
Bob,John,4844,18,0,18,5,2024,19,58,47
Alice,Charlie,2917,11,0,5,12,2023,19,20,20
Alice,Bob,9033,8,0,20,11,2023,10,49,44
Bob,Harry,5838,5,0,23,2,2024,3,58,21
Bob,Harry,8133,11,1,16,6,2023,14,40,59
Harry,John,7015,7,1,24,9,2023,13,26,48
Charlie,Alice,8103,15,1,5,9,2023,23,6,46
John,Alice,8412,1,0,12,8,2023,11,41,2
David,Charlie,5203,5,0,21,8,2023,13,15,12
John,Harry,2168,18,0,23,3,2024,13,23,0
Alice,Charlie,902,4,0,16,11,2023,15,36,43
Charlie,John,295,12,0,18,4,2024,6,11,55
Bob,Alice,4941,13,0,3,8,2023,8,1,17
David,Charlie,9863,14,1,8,2,2024,1,33,55
Harry,John,2954,16,0,23,2,2024,22,45,58
John,Charlie,7072,9,0,10,2,2024,11,10,18
David,Alice,2694,7,0,3,12,2023,2,47,32
David,John,186,17,0,28,10,2023,5,36,51
Bob,Alice,7068,9,0,3,12,2023,11,32,13
Charlie,David,1747,13,0,7,9,2023,2,53,34
John,Charlie,4645,5,0,26,9,2023,9,22,42
David,Bob,4857,1,0,21,4,2024,15,48,33
David,John,4833,11,0,6,6,2023,21,49,21
Harry,Alice,7217,10,0,15,9,2023,11,31,38
Bob,Alice,7278,14,1,31,8,2023,7,35,10
David,Alice,3553,8,0,24,1,2024,13,22,13
Alice,Charlie,8428,15,1,23,6,2023,11,21,46
John,David,3652,19,0,1,12,2023,18,17,24
Alice,Harry,6418,10,0,24,11,2023,18,1,56
John,Charlie,9237,2,0,2,5,2024,23,44,57
Alice,Charlie,7001,1,0,29,7,2023,9,51,1
Harry,Charlie,338,13,0,21,8,2023,0,58,41
John,Charlie,5027,7,0,24,4,2024,18,2,3
Harry,John,5488,5,0,21,8,2023,18,26,43
Harry,John,5226,17,0,18,8,2023,18,11,27
Charlie,John,1876,17,0,18,6,2023,13,25,24
Alice,John,8542,3,0,2,10,2023,21,28,38
Charlie,Alice,9459,9,0,10,7,2023,3,16,0
John,Charlie,604,16,0,10,9,2023,8,11,26
John,Alice,9679,19,0,10,12,2023,11,18,32
David,John,817,19,0,7,8,2023,22,11,22
Alice,Harry,4108,13,0,17,2,2024,9,20,20
Alice,Charlie,4737,8,0,4,11,2023,9,16,19
Harry,Alice,8675,16,0,2,8,2023,2,45,25
Harry,David,2665,12,0,29,8,2023,11,20,32
John,Bob,3506,17,0,29,7,2023,0,8,35
Charlie,Harry,6576,13,1,9,1,2024,12,45,44
David,Bob,6179,10,0,24,1,2024,15,43,28
Charlie,Alice,102,14,0,10,8,2023,21,25,19
Alice,David,5726,11,1,1,2,2024,22,7,36
Harry,Alice,6339,11,0,28,1,2024,14,35,25
Harry,David,9571,17,0,27,4,2024,5,2,52
John,Bob,770,2,0,23,9,2023,7,26,5
Charlie,John,5355,9,0,16,2,2024,21,59,29
Harry,Charlie,3539,13,0,3,1,2024,13,27,15
David,Harry,3892,3,0,7,8,2023,5,46,28
Charlie,Alice,7971,12,1,27,7,2023,20,1,43
Charlie,Alice,4778,9,0,6,8,2023,5,10,12
Bob,David,3072,17,0,22,12,2023,9,41,24
Alice,Charlie,9095,10,0,27,9,2023,17,26,14
Charlie,David,3745,10,0,27,6,2023,11,25,16
Bob,Harry,3616,13,0,3,1,2024,9,3,19
Alice,David,2675,8,0,30,12,2023,15,57,49
Alice,John,7504,2,0,17,10,2023,8,1,32
David,Bob,8941,12,1,10,7,2023,8,37,38
Alice,John,3901,2,0,7,2,2024,22,0,35
Harry,Bob,470,18,0,21,11,2023,21,55,56
David,John,483,6,0,28,10,2023,8,41,15
John,Alice,2825,3,0,13,5,2024,15,53,14
David,Charlie,6211,14,1,6,6,2023,14,56,26
Charlie,Alice,3015,7,0,29,6,2023,4,29,15
David,Harry,3146,15,0,11,2,2024,8,7,28
Bob,David,9655,5,0,16,9,2023,17,49,42
Bob,John,9060,5,0,6,1,2024,9,3,44
David,Charlie,4600,3,0,19,3,2024,14,22,48
Charlie,Bob,3291,14,0,23,6,2023,9,40,37
Harry,David,2203,14,0,26,2,2024,17,15,2
Alice,Charlie,4272,6,0,11,8,2023,2,42,46
Harry,Alice,1305,6,0,29,11,2023,20,35,20
Alice,Bob,9967,11,1,6,10,2023,21,11,24
Charlie,Alice,6723,10,0,20,8,2023,21,8,13
Alice,Charlie,7102,3,0,4,4,2024,9,25,17
Charlie,John,2950,11,0,9,8,2023,18,48,42
Alice,Charlie,4694,11,0,14,10,2023,22,58,31
David,Bob,6744,3,0,15,10,2023,5,10,54
David,Harry,3604,4,0,14,4,2024,1,32,48
Alice,Harry,8806,16,1,30,7,2023,23,12,18
Charlie,Harry,167,19,0,4,3,2024,23,22,57
Alice,Harry,672,11,0,10,2,2024,4,36,55
John,Bob,2358,11,0,6,11,2023,14,52,7
David,Harry,6938,5,0,12,12,2023,10,20,29
Alice,Charlie,5880,12,1,5,10,2023,13,46,59
Harry,Bob,5332,10,0,14,2,2024,21,26,55
Bob,David,9329,11,1,26,10,2023,2,55,31
Alice,Charlie,3061,18,0,14,12,2023,18,16,47
Alice,Charlie,9231,5,0,6,3,2024,23,6,41
John,Alice,3004,9,0,2,7,2023,14,21,23
David,Harry,1017,19,0,6,4,2024,2,2,19
John,Bob,6436,15,0,16,10,2023,23,10,25
Bob,David,7186,17,1,27,2,2024,22,24,15
Charlie,David,4849,18,0,29,8,2023,16,30,57
Bob,Harry,1235,1,0,20,10,2023,12,17,7
Alice,Bob,1419,6,0,2,3,2024,16,9,29
Alice,Bob,3355,13,0,17,6,2023,6,37,23
Charlie,Harry,9096,17,1,19,7,2023,22,38,36
David,Harry,3975,11,0,8,3,2024,7,48,0
Bob,Alice,7275,8,0,15,9,2023,23,14,51
Harry,David,4835,16,0,31,8,2023,23,24,55
David,Alice,2666,16,0,7,6,2023,11,29,38
Charlie,Alice,1362,16,0,21,10,2023,8,31,57
Alice,Charlie,7482,9,0,24,7,2023,17,0,54
Alice,Bob,1357,17,0,28,1,2024,15,13,28
John,Charlie,3905,14,0,11,4,2024,4,30,8
Bob,Charlie,5850,12,1,28,1,2024,7,45,44
John,Harry,9216,19,0,3,2,2024,2,52,44
David,Alice,6165,7,0,5,8,2023,2,18,3
Bob,Harry,9054,18,1,1,8,2023,8,3,32
David,Harry,6728,3,0,7,2,2024,10,37,23
Charlie,David,8875,8,0,21,2,2024,19,22,31
Bob,Alice,8401,8,0,13,4,2024,5,20,36
Charlie,David,6811,10,0,20,6,2023,5,50,12
Bob,John,7687,13,1,20,1,2024,5,23,1
Bob,Charlie,5557,6,0,20,3,2024,9,47,22
David,Harry,7642,11,1,20,9,2023,7,30,12
Bob,David,7457,5,0,30,10,2023,10,23,9
David,Harry,1547,14,0,10,1,2024,18,58,33
Alice,Bob,3283,17,0,7,10,2023,19,14,2
John,Harry,5020,10,0,13,5,2024,4,13,59
Charlie,Harry,876,13,0,30,10,2023,17,18,4
John,Harry,5167,8,0,19,12,2023,13,25,10
John,Harry,9586,15,0,10,2,2024,22,35,12
Charlie,John,3203,9,0,26,12,2023,12,51,21
Bob,Harry,7224,18,1,17,1,2024,13,13,53
Charlie,John,546,12,0,30,10,2023,21,18,55
Bob,David,1334,7,0,23,8,2023,7,30,45
John,Alice,4243,18,0,29,4,2024,5,26,17
Bob,Alice,2635,13,0,21,1,2024,23,57,54
Charlie,John,2132,5,0,2,4,2024,17,52,52
David,Alice,1981,14,0,10,7,2023,2,1,48
David,Bob,6239,7,0,25,10,2023,8,17,2
John,Charlie,1795,6,0,5,2,2024,12,37,19
David,Bob,152,3,0,13,8,2023,11,8,24
Bob,Alice,7001,2,0,25,12,2023,18,3,41
David,Charlie,6955,8,0,19,3,2024,7,29,12
David,John,9521,3,0,7,12,2023,23,54,1
Harry,Alice,798,12,0,23,10,2023,22,27,51
John,Alice,6018,5,0,17,7,2023,0,12,38
David,Bob,3516,9,0,8,9,2023,2,47,20
David,Charlie,3658,4,0,27,8,2023,3,57,6
Charlie,Harry,8212,13,1,20,6,2023,15,29,32
John,David,3079,1,0,20,3,2024,13,21,10
John,Charlie,3229,8,0,27,9,2023,6,10,40
Harry,Alice,4304,14,0,29,7,2023,14,27,41
Alice,Harry,1234,13,0,23,7,2023,9,7,14
Charlie,John,8447,16,1,4,4,2024,0,0,34
Harry,David,821,17,0,23,4,2024,21,16,40
David,Charlie,6851,18,1,28,9,2023,14,6,12
Charlie,David,1217,18,0,22,7,2023,0,26,16
Charlie,Alice,1747,17,0,4,3,2024,16,46,40
Alice,Bob,242,9,0,9,7,2023,8,25,14
Bob,Harry,3535,1,0,23,7,2023,9,36,6
John,Bob,2796,15,0,18,3,2024,23,54,4
John,Bob,2886,11,0,24,8,2023,15,8,39
Harry,John,3971,15,0,7,2,2024,14,3,42
Bob,John,3408,14,0,22,2,2024,12,56,45
John,Alice,9636,11,0,28,12,2023,5,15,15
Harry,David,9174,11,0,21,6,2023,15,42,16
